Query_ID	Target_ID	Optimal_offset	p-value	E-value	q-value	Overlap	Query_consensus	Target_consensus	Orientation
0	MA1493.1	3	7.27055e-06	0.0170713	0.0187625	6	ACGTGT	GGCACGTGTT	+
0	MA2105.1	0	8.50107e-06	0.0199605	0.0187625	6	ACGTGT	ACGTGT	-
0	MA0941.2	1	0.000127592	0.299586	0.0567635	6	ACGTGT	CACGTGT	-
0	MA2075.1	1	0.000166235	0.390319	0.0567635	6	ACGTGT	CACGTGT	-
0	MA0819.3	1	0.00019519	0.458307	0.0567635	6	ACGTGT	CACGTGT	-
0	MA0310.2	0	0.000226288	0.531323	0.0567635	6	ACGTGT	ACGTGTC	-
0	MA2014.2	2	0.000232044	0.54484	0.0567635	6	ACGTGT	GCACGTGTG	-
0	MA2152.1	2	0.000270617	0.635408	0.0567635	6	ACGTGT	GCACGTGT	-
0	MA0930.3	0	0.000331681	0.778787	0.0567635	6	ACGTGT	ACGTGTC	+
0	MA2401.1	2	0.000339412	0.79694	0.0567635	6	ACGTGT	CCACGTGT	+
0	MA0937.1	2	0.000339412	0.79694	0.0567635	6	ACGTGT	TTACGTGT	-
0	MA1033.1	2	0.000339412	0.79694	0.0567635	6	ACGTGT	CCACGTGT	-
0	MA0626.2	2	0.000363785	0.854167	0.0567635	6	ACGTGT	GCACGTGT	+
0	MA1333.2	3	0.00038167	0.89616	0.0567635	6	ACGTGT	CGCACGTGTG	+
0	MA0931.2	1	0.000388859	0.913041	0.0567635	6	ACGTGT	CACGTGTC	-
0	MA1332.2	3	0.000415535	0.975676	0.0567635	6	ACGTGT	CGCACGTGTG	-
0	MA2172.1	1	0.000428002	1.00495	0.0567635	5	ACGTGT	CACGTG	+
0	MA2071.1	2	0.000441337	1.03626	0.0567635	6	ACGTGT	GCACGTGT	+
0	MA2384.1	1	0.000463356	1.08796	0.0567635	6	ACGTGT	GACGTGG	+
0	MA1331.2	3	0.000487905	1.1456	0.0567635	6	ACGTGT	CGCACGTGTG	+
0	MA2375.1	3	0.000498621	1.17076	0.0567635	6	ACGTGT	CACACGTGTGA	+
0	MA2342.1	1	0.000525937	1.2349	0.0567635	5	ACGTGT	CACGTG	+
0	MA2407.1	1	0.000574103	1.34799	0.0567635	6	ACGTGT	CACGTGT	+
0	MA0550.3	3	0.000606234	1.42344	0.0567635	6	ACGTGT	CGCACGTGTG	-
0	MA0957.1	2	0.000694953	1.63175	0.0567635	6	ACGTGT	GCACGTGC	+
0	MA0825.2	1	0.00069533	1.63263	0.0567635	5	ACGTGT	CACGTG	+
0	MA0649.2	2	0.000702808	1.65019	0.0567635	6	ACGTGT	GCACGTGTC	-
0	MA1436.2	1	0.000715088	1.67903	0.0567635	6	ACGTGT	CACGTGG	-
0	MA2422.1	2	0.000735454	1.72685	0.0567635	6	ACGTGT	TGACGTGGCA	-
0	MA0259.2	0	0.000738986	1.73514	0.0567635	5	ACGTGT	ACGTG	+
0	MA2304.1	2	0.000773583	1.81637	0.0567635	6	ACGTGT	GCACGTGC	+
0	MA0965.3	1	0.000782957	1.83838	0.0567635	5	ACGTGT	CACGTG	+
0	MA0988.2	1	0.000782957	1.83838	0.0567635	5	ACGTGT	CACGTG	+
0	MA2382.1	1	0.000782957	1.83838	0.0567635	5	ACGTGT	CACGTG	+
0	MA0608.1	3	0.00078672	1.84722	0.0567635	6	ACGTGT	GCCACGTGT	+
0	MA2087.1	1	0.00081609	1.91618	0.0567635	6	ACGTGT	CACGTGGC	+
0	MA2064.1	1	0.000855787	2.00939	0.0567635	6	ACGTGT	CACGTGC	+
0	MA2301.1	2	0.000861031	2.0217	0.0567635	6	ACGTGT	TCACGTGA	+
0	MA0058.4	1	0.0008864	2.08127	0.0567635	5	ACGTGT	CACGTG	+
0	MA0966.2	1	0.0008864	2.08127	0.0567635	5	ACGTGT	CACGTG	+
0	MA2092.1	2	0.000908698	2.13362	0.0567635	6	ACGTGT	TGACGTGG	+
0	MA2293.1	2	0.000908698	2.13362	0.0567635	6	ACGTGT	TGACGTGG	+
0	MA2076.1	2	0.000908698	2.13362	0.0567635	6	ACGTGT	CCACGTGC	-
0	MA1338.3	4	0.000937596	2.20148	0.0567635	6	ACGTGT	TGCCACGTGTC	+
0	MA1880.2	1	0.000959457	2.2528	0.0567635	6	ACGTGT	CACGTGCC	+
0	MA2176.1	2	0.000959457	2.2528	0.0567635	6	ACGTGT	CCACGTGG	+
0	MA0128.1	2	0.000959457	2.2528	0.0567635	6	ACGTGT	CCACGTGT	-
0	MA0958.1	2	0.000959457	2.2528	0.0567635	6	ACGTGT	GCACGTGC	-
0	MA0549.2	2	0.000983304	2.3088	0.0567635	6	ACGTGT	GCACGTGTGA	+
0	MA1359.3	1	0.00100065	2.34953	0.0567635	5	ACGTGT	CACGTG	+
0	MA1816.2	1	0.00100065	2.34953	0.0567635	5	ACGTGT	CACGTG	+
0	MA2240.1	1	0.00100065	2.34953	0.0567635	5	ACGTGT	CACGTG	+
0	MA0569.2	1	0.0010486	2.46212	0.0567635	6	ACGTGT	CACGTGC	+
0	MA1021.2	1	0.0010486	2.46212	0.0567635	6	ACGTGT	CACGTGC	+
0	MA1074.2	1	0.0010486	2.46212	0.0567635	6	ACGTGT	CACGTGC	+
0	MA2393.1	1	0.0010486	2.46212	0.0567635	6	ACGTGT	CACGTGC	+
0	MA0147.4	2	0.00107244	2.51809	0.0567635	6	ACGTGT	CCACGTGC	+
0	MA0570.3	4	0.00109715	2.5761	0.0567635	6	ACGTGT	TGCCACGTGT	-
0	MA0823.1	3	0.00109715	2.5761	0.0567635	6	ACGTGT	GGCACGTGTC	-
0	MA0844.2	4	0.00111569	2.61963	0.0567635	6	ACGTGT	GATGACGTGGC	-
0	MA0004.1	1	0.00111959	2.62879	0.0567635	5	ACGTGT	CACGTG	+
0	MA1659.2	1	0.00113118	2.656	0.0567635	6	ACGTGT	GACGTGG	-
0	MA2389.1	0	0.00122843	2.88436	0.0567635	6	ACGTGT	ACGTGGC	+
0	MA0552.2	1	0.00124242	2.9172	0.0567635	5	ACGTGT	CACGTG	+
0	MA0622.2	1	0.00124242	2.9172	0.0567635	5	ACGTGT	CACGTG	+
0	MA1360.3	1	0.00124242	2.9172	0.0567635	5	ACGTGT	CACGTG	+
0	MA1926.2	1	0.00128339	3.0134	0.0567635	6	ACGTGT	CACGTGAC	+
0	MA2175.1	2	0.00128339	3.0134	0.0567635	6	ACGTGT	CCACGTGG	+
0	MA0664.2	1	0.00128339	3.0134	0.0567635	6	ACGTGT	CACGTGAT	-
0	MA0551.2	4	0.00130151	3.05595	0.0567635	6	ACGTGT	TGCCACGTGGCA	+
0	MA1899.2	1	0.0013448	3.15759	0.0567635	6	ACGTGT	CACGTGA	+
0	MA1025.2	2	0.0013448	3.15759	0.0567635	5	ACGTGT	GCACGTG	+
0	MA0464.3	2	0.00136904	3.2145	0.0567635	6	ACGTGT	TCACGTGA	-
0	MA1464.2	1	0.00136904	3.2145	0.0567635	6	ACGTGT	CACGTGAC	-
0	MA1897.2	1	0.0013714	3.22005	0.0567635	5	ACGTGT	CACGTG	+
0	MA1672.2	1	0.00142966	3.35685	0.0567635	6	ACGTGT	GACGTGGCA	+
0	MA2305.1	3	0.00143464	3.36853	0.0567635	6	ACGTGT	GTCACGTGAC	+
0	MA0104.5	2	0.00146432	3.43823	0.0567635	6	ACGTGT	CCACGTGG	+
0	MA1560.2	2	0.00146432	3.43823	0.0567635	6	ACGTGT	GCACGTGC	-
0	MA1061.2	1	0.00148314	3.48241	0.0567635	6	ACGTGT	CACGTGG	-
0	MA2086.1	0	0.00148314	3.48241	0.0567635	6	ACGTGT	ACGTGGC	-
0	MA1207.2	1	0.0014917	3.50251	0.0567635	6	ACGTGT	CACGTGTTAAATTT	+
0	MA1106.2	0	0.00151189	3.54993	0.0570403	6	ACGTGT	ACGTGC	+
0	MA1745.2	2	0.001571	3.6887	0.0577884	6	ACGTGT	TGACGTGG	+
0	MA2077.1	1	0.00164213	3.85572	0.0589317	6	ACGTGT	CACGTGC	+
0	MA0376.2	2	0.0016919	3.97257	0.059225	6	ACGTGT	GCACGTGC	+
0	MA0357.1	2	0.00183127	4.29981	0.059225	6	ACGTGT	GCACGTGC	+
0	MA0566.1	2	0.00183127	4.29981	0.059225	6	ACGTGT	GCACGTGC	+
0	MA0821.2	3	0.00189296	4.44467	0.059225	6	ACGTGT	GGCACGTGCC	+
0	MA0616.3	3	0.00195167	4.58253	0.059225	6	ACGTGT	GGCACGTGC	+
0	MA1364.2	3	0.00195167	4.58253	0.059225	6	ACGTGT	GCCACGTGG	+
0	MA2060.1	2	0.00199384	4.68154	0.059225	6	ACGTGT	CCACGTGC	+
0	MA0409.1	2	0.00200323	4.70358	0.059225	5	ACGTGT	TCACGTG	-
0	MA1474.2	3	0.00213805	5.02013	0.059225	6	ACGTGT	GTGACGTGGC	-
0	MA0561.1	1	0.00218283	5.12529	0.059225	6	ACGTGT	CACGTGGC	+
0	MA0603.2	3	0.00218283	5.12529	0.059225	5	ACGTGT	GTCACGTG	+
0	MA1361.2	1	0.00219309	5.14938	0.059225	6	ACGTGT	CACGTGAAACACGTG	-
0	MA2057.1	1	0.00220041	5.16655	0.059225	6	ACGTGT	CACGTGC	-
0	MA2258.1	2	0.00220041	5.16655	0.059225	5	ACGTGT	CCACGTG	+
0	MA1740.2	2	0.00220041	5.16655	0.059225	5	ACGTGT	GCACGTG	-
0	MA2061.1	2	0.00220041	5.16655	0.059225	5	ACGTGT	GCACGTG	-
0	MA2406.1	2	0.00220041	5.16655	0.059225	5	ACGTGT	GCACGTG	-
0	MA2413.1	3	0.00227112	5.3326	0.05983	6	ACGTGT	GACACGTGGCA	+
0	MA0059.2	3	0.00228056	5.35475	0.05983	6	ACGTGT	ACCACGTGGT	-
0	MA0568.2	1	0.00238183	5.59253	0.05983	5	ACGTGT	CACGTG	+
0	MA1351.3	0	0.00239729	5.62883	0.05983	6	ACGTGT	ACGTGGCA	+
0	MA1449.2	2	0.00239729	5.62883	0.05983	6	ACGTGT	TCACGTGA	+
0	MA1811.2	0	0.00239729	5.62883	0.05983	6	ACGTGT	ACGTGGCA	+
0	MA2067.1	2	0.00239729	5.62883	0.05983	6	ACGTGT	GCACGTGG	+
0	MA0871.3	3	0.00239729	5.62883	0.05983	5	ACGTGT	GTCACGTG	-
0	MA2168.1	2	0.00243374	5.71442	0.060016	6	ACGTGT	TCACGTGAC	+
0	MA2080.1	1	0.00257287	6.0411	0.0612235	5	ACGTGT	CACGTG	+
0	MA1344.2	2	0.00261497	6.13994	0.0612235	6	ACGTGT	TGACGTGGCA	+
0	MA0805.1	0	0.00263323	6.18282	0.0612235	6	ACGTGT	AGGTGTGA	+
0	MA0964.3	2	0.00263323	6.18282	0.0612235	6	ACGTGT	TCACGTGA	+
0	MA0097.1	4	0.00264914	6.22019	0.0612235	6	ACGTGT	GATGACGTGGCC	+
0	MA0638.2	4	0.00264914	6.22019	0.0612235	6	ACGTGT	GATGACGTGGCA	-
0	MA1687.1	4	0.00268604	6.30683	0.061753	6	ACGTGT	CCCGACATGTCCCCCG	-
0	MA2196.1	4	0.00288203	6.76702	0.0647814	5	ACGTGT	GATCACGTG	+
0	MA2051.2	2	0.00288609	6.77653	0.0647814	6	ACGTGT	ATACTTGT	-
0	MA2215.1	3	0.00288609	6.77653	0.0647814	5	ACGTGT	ACCACGTG	+
0	MA2255.1	3	0.00288609	6.77653	0.0647814	5	ACGTGT	ACCACGTG	+
0	MA1787.2	4	0.00303585	7.12817	0.0670587	6	ACGTGT	AGTTACGTGT	-
0	MA1686.1	0	0.00303836	7.13406	0.0670587	6	ACGTGT	ACGTGTCCCCCGCT	-
0	MA2219.1	1	0.00315188	7.40061	0.0692181	6	ACGTGT	CACGTGCCA	+
0	MA2156.1	2	0.0031891	7.48801	0.0696888	5	ACGTGT	TTACGTG	+
0	MA0580.1	2	0.00321387	7.54617	0.0698841	6	ACGTGT	TCACGTGACTCACG	-
0	MA0281.3	3	0.00329067	7.72649	0.0712033	6	ACGTGT	GTCACGTGAT	-
0	MA2194.1	5	0.00341866	8.02701	0.0736119	6	ACGTGT	TGATGACGTGGCA	+
0	MA0803.1	0	0.0034528	8.10717	0.0736286	6	ACGTGT	AGGTGTGA	+
0	MA1808.2	0	0.0034528	8.10717	0.0736286	6	ACGTGT	ACGTGGCA	+
0	MA0968.3	2	0.00358075	8.40759	0.0756072	6	ACGTGT	TGACGTGGCA	-
0	MA0863.1	3	0.00361409	8.48589	0.0756072	6	ACGTGT	GTGCCGTGTGCAAA	-
0	MA1362.2	6	0.00365785	8.58862	0.0761615	6	ACGTGT	GAGGTCACGTGC	+
0	MA0959.1	2	0.00378076	8.87722	0.0765541	6	ACGTGT	GCACGTGC	+
0	MA0963.1	2	0.00378076	8.87722	0.0765541	6	ACGTGT	GCACGTGC	+
0	MA1334.2	5	0.0038987	9.15416	0.0782247	6	ACGTGT	TGCTGACGTGGCA	-
0	MA2325.1	2	0.00411362	9.65879	0.0802474	6	ACGTGT	GTACGTGCG	-
0	MA0962.2	1	0.00413453	9.70787	0.0802474	6	ACGTGT	CACGTGC	-
0	MA1425.2	2	0.00413453	9.70787	0.0802474	5	ACGTGT	TGACGTG	+
0	MA1411.2	2	0.00414495	9.73235	0.0802474	6	ACGTGT	GCACGTGC	+
0	MA2281.1	3	0.00426313	10.0098	0.0811124	6	ACGTGT	ATCACGTGAT	+
0	MA0743.3	1	0.00426313	10.0098	0.0811124	6	ACGTGT	CACCTGTTGA	-
0	MA0744.3	1	0.00426313	10.0098	0.0811124	6	ACGTGT	CACCTGTTGC	-
0	MA2154.1	1	0.00446087	10.4741	0.0836613	6	ACGTGT	CACCTGT	+
0	MA0560.2	1	0.00446087	10.4741	0.0836613	6	ACGTGT	CACGTGG	-
0	MA1341.2	5	0.00449078	10.5444	0.0836613	6	ACGTGT	TGCTGACGTGGCA	+
0	MA0802.2	0	0.00449187	10.5469	0.0836613	6	ACGTGT	AGGTGTGAA	+
0	MA1922.2	0	0.00454513	10.672	0.083945	6	ACGTGT	AGGTGTGA	+
0	MA0956.2	1	0.00477909	11.2213	0.0870273	5	ACGTGT	CACGTG	+
0	MA1363.1	1	0.00487079	11.4366	0.0881163	6	ACGTGT	CACGTGCCAAACACG	-
0	MA0663.1	3	0.00506886	11.9017	0.089142	6	ACGTGT	ATCACGTGAT	+
0	MA2257.1	2	0.00512769	12.0398	0.0898188	5	ACGTGT	TCACGTG	+
0	MA1340.2	5	0.00523275	12.2865	0.0909374	6	ACGTGT	TGCTGACGTGGCA	+
0	MA1743.2	5	0.00523275	12.2865	0.0909374	6	ACGTGT	TGCTGACGTGGCA	+
0	MA1011.2	1	0.00529516	12.433	0.0910608	5	ACGTGT	CACGTG	+
0	MA0800.2	0	0.00538254	12.6382	0.0910608	6	ACGTGT	AGGTGTGAA	+
0	MA1345.2	5	0.00541222	12.7079	0.0910608	6	ACGTGT	TGCTGACGTGGC	-
0	MA2424.1	4	0.00541222	12.7079	0.0910608	6	ACGTGT	GATGACGTGGCA	-
0	MA0692.2	1	0.00542551	12.7391	0.0910608	6	ACGTGT	CACGTGAC	+
0	MA0806.1	0	0.00542551	12.7391	0.0910608	6	ACGTGT	AGGTGTGA	+
0	MA1105.3	1	0.00542551	12.7391	0.0910608	6	ACGTGT	AACCTGTT	-
0	MA0831.3	3	0.00552985	12.9841	0.0917652	6	ACGTGT	GTCACGTGAC	+
0	MA0636.1	3	0.00552985	12.9841	0.0917652	6	ACGTGT	GTCACGTGAC	-
0	MA0969.2	0	0.00556363	13.0634	0.09198	6	ACGTGT	CCGCGT	+
0	MA1337.2	5	0.00567395	13.3224	0.0934537	6	ACGTGT	TGCTGACGTGGCA	+
0	MA1877.2	1	0.00588415	13.816	0.0965557	6	ACGTGT	CACGTGCC	-
0	MA1349.2	2	0.00604447	14.1924	0.0984544	6	ACGTGT	TCACGTGGCA	+
0	MA1785.2	4	0.00604447	14.1924	0.0984544	6	ACGTGT	AGTTACGTGT	-
0	MA0249.3	1	0.00619752	14.5518	0.100576	6	ACGTGT	CATGTGT	-
0	MA0562.1	2	0.00634531	14.8988	0.101054	6	ACGTGT	TCACGTGG	+
0	MA2256.1	0	0.00634531	14.8988	0.101054	6	ACGTGT	AGGTGTGA	+
0	MA2209.1	4	0.00640972	15.05	0.101054	6	ACGTGT	TGCCACGTGGCA	+
0	MA0970.2	0	0.00641418	15.0605	0.101054	6	ACGTGT	CCGCGT	+
0	MA1566.3	0	0.00645587	15.1584	0.101054	6	ACGTGT	AGGTGTGAA	+
0	MA2203.1	1	0.00645587	15.1584	0.101054	6	ACGTGT	CACCTGTTG	+
0	MA2221.1	1	0.00645587	15.1584	0.101054	6	ACGTGT	CACGTGCCA	+
0	MA0689.1	1	0.00656676	15.4187	0.101442	6	ACGTGT	TAGGTGTGAAG	+
0	MA0526.5	3	0.0066186	15.5405	0.101442	6	ACGTGT	GTCACGTGAC	+
0	MA1466.2	5	0.006703	15.7386	0.102381	6	ACGTGT	TGATGACGTGGCA	+
0	MA1350.1	5	0.00697657	16.381	0.105104	6	ACGTGT	TGCTGACGTGGC	+
0	MA2423.1	4	0.00697657	16.381	0.105104	6	ACGTGT	GCTGACGTGGCA	+
0	MA1696.2	0	0.00717439	16.8455	0.107717	6	ACGTGT	ACGTGTTCCCC	-
0	MA0960.1	3	0.00725166	17.0269	0.107906	6	ACGTGT	GGCACGTGCC	+
0	MA0801.1	0	0.0072848	17.1047	0.107906	6	ACGTGT	AGGTGTGA	+
0	MA1846.2	0	0.0072848	17.1047	0.107906	6	ACGTGT	AGGTGTGA	+
0	MA0330.1	0	0.00735997	17.2812	0.108293	6	ACGTGT	ACGCGTT	+
0	MA1339.1	5	0.00760258	17.8509	0.111491	6	ACGTGT	TGCTGACGTGGC	-
0	MA0745.3	2	0.00777214	18.249	0.113225	6	ACGTGT	GCACCTGT	+
0	MA2247.1	3	0.00793397	18.629	0.115203	6	ACGTGT	ACCACCTGTT	+
0	MA1788.1	5	0.00843849	19.8136	0.12087	6	ACGTGT	AGGTAACGTGTTGAACAAG	-
0	MA0525.2	1	0.00846115	19.8668	0.12087	6	ACGTGT	GACATGTCCCAACATGTT	-
0	MA0828.3	3	0.00864753	20.3044	0.122344	6	ACGTGT	ATCACGTGAT	+
0	MA0690.3	1	0.00864753	20.3044	0.122344	6	ACGTGT	AAGGTGTGAA	-
0	MA2397.1	1	0.00874854	20.5416	0.122905	5	ACGTGT	CACGTG	+
0	MA1920.2	0	0.00878805	20.6343	0.122905	6	ACGTGT	AGGTGTGA	+
0	MA0688.2	0	0.00882635	20.7243	0.122905	6	ACGTGT	AGGTGTGAA	+
0	MA0086.3	2	0.00882635	20.7243	0.122905	6	ACGTGT	GCACCTGTT	-
0	MA2227.1	1	0.009065	21.2846	0.124945	6	ACGTGT	CACCTGT	+
0	MA0822.1	4	0.00908609	21.3341	0.124945	6	ACGTGT	TGGCACGTGCCA	-
0	MA1695.2	1	0.00908609	21.3341	0.124945	6	ACGTGT	GACGTGTCCCCC	-
0	MA2217.1	1	0.00914028	21.4614	0.1253	5	ACGTGT	CACGCG	+
0	MA2290.1	3	0.00937418	22.0106	0.128108	6	ACGTGT	ACCACGTGAC	+
0	MA0839.2	5	0.00943039	22.1426	0.128479	6	ACGTGT	TGATGACGTGGCA	-
0	MA0499.3	2	0.0100647	23.6319	0.135557	6	ACGTGT	GCACCTGTC	+
0	MA2222.1	4	0.0101035	23.723	0.135557	6	ACGTGT	TGGCACGTGC	-
0	MA0807.1	0	0.0104211	24.4687	0.138138	6	ACGTGT	AGGTGTGA	+
0	MA2216.1	0	0.0104211	24.4687	0.138138	6	ACGTGT	AGGTGTGA	+
0	MA1620.2	2	0.0104211	24.4687	0.138138	6	ACGTGT	ACAGGTGT	-
0	MA2270.1	2	0.0111146	26.0971	0.146452	6	ACGTGT	CCACCTGTTGC	-
0	MA1921.2	0	0.0115475	27.1134	0.15133	6	ACGTGT	AGGTGTGATAACAC	+
0	MA1939.2	9	0.0117351	27.554	0.152803	6	ACGTGT	CCGGAAATCACGTGAT	+
0	MA2202.1	0	0.0120528	28.3001	0.156479	6	ACGTGT	AGGTGTGAA	+
0	MA1099.3	1	0.0121957	28.6356	0.15787	6	ACGTGT	CACGTGCC	-
0	MA2376.1	10	0.0128048	30.0656	0.164308	6	ACGTGT	CGTGTAAAAAACGCGT	+
0	MA0009.2	8	0.0140027	32.8784	0.177615	6	ACGTGT	TCACACCTAGGTGTGA	-
0	MA1565.2	0	0.014213	33.3722	0.179766	6	ACGTGT	AGGTGTGAA	+
0	MA2259.1	0	0.0147948	34.7382	0.186058	6	ACGTGT	AGGTGTGA	+
0	MA0006.2	0	0.0155537	36.5202	0.195046	5	ACGTGT	GCGTG	+
0	MA1412.2	2	0.0161978	38.0325	0.201407	6	ACGTGT	GCACGTGC	+
0	MA1567.3	0	0.0165619	38.8873	0.205355	6	ACGTGT	AGGTGTGAA	+
0	MA0939.1	2	0.0169287	39.7486	0.20882	6	ACGTGT	TTGCGTGT	-
0	MA1558.2	1	0.0169359	39.7656	0.20882	6	ACGTGT	CACCTGC	-
0	MA0328.2	-1	0.0176821	41.5175	0.216809	5	ACGTGT	CGTGTAAT	+
0	MA0620.4	3	0.0183497	43.085	0.223135	6	ACGTGT	GTCACGTGAC	+
0	MA1044.2	2	0.0184607	43.3458	0.223625	6	ACGTGT	TGGCGTGT	-
0	MA0129.1	2	0.0184913	43.4175	0.223625	5	ACGTGT	TGACGTA	-
0	MA2220.1	3	0.0201057	47.2081	0.240513	5	ACGTGT	GGCACGCG	-
0	MA0936.1	2	0.0209782	49.2569	0.250272	6	ACGTGT	TTGCGTGT	-
0	MA0449.1	3	0.0212975	50.0064	0.252715	6	ACGTGT	GGCACGTGCC	+
0	MA1559.2	3	0.0218445	51.2909	0.257196	6	ACGTGT	TGCACCTGT	-
0	MA1914.2	1	0.0219081	51.4403	0.257196	5	ACGTGT	CACCTG	+
0	MA1919.2	0	0.0228117	53.5618	0.26602	6	ACGTGT	AGGTGTGAA	+
0	MA0938.3	2	0.0230179	54.046	0.266678	6	ACGTGT	TTACTTGTGTCACAAGTAA	+
0	MA2033.2	2	0.0230179	54.046	0.266678	6	ACGTGT	TTGCGTGTAACACAAGTTA	+
0	MA0286.2	2	0.0235922	55.3944	0.271904	4	ACGTGT	TGACGT	+
0	MA0918.2	0	0.0238385	55.9728	0.274027	6	ACGTGT	AGCTGTCA	+
0	MA1878.2	1	0.0248878	58.4366	0.284334	6	ACGTGT	CACGCGCC	-
0	MA1791.1	2	0.0249283	58.5317	0.284334	6	ACGTGT	TAACGTGTAGAACAAGTAA	-
0	MA1108.3	1	0.0253426	59.5045	0.287573	5	ACGTGT	CACATG	+
0	MA2034.2	2	0.0258799	60.766	0.292917	5	ACGTGT	TTACTTG	-
0	MA1792.1	2	0.025965	60.9657	0.293128	6	ACGTGT	TAACGTGTAAAACAAG	-
0	MA0783.1	4	0.0263656	61.9063	0.296136	6	ACGTGT	TGACAGGTGTCA	+
0	MA0103.4	1	0.0271667	63.7875	0.30436	5	ACGTGT	CAGGTG	-
0	MA2292.1	1	0.0273101	64.124	0.30442	6	ACGTGT	CACCTGC	+
0	MA0522.4	2	0.0273101	64.124	0.30442	5	ACGTGT	GCAGGTG	-
0	MA0820.2	1	0.0291427	68.4271	0.319206	5	ACGTGT	CACCTG	+
0	MA1923.2	1	0.0291427	68.4271	0.319206	5	ACGTGT	CACCTG	+
0	MA0318.1	-1	0.0297438	69.8385	0.323383	5	ACGTGT	CATGTAAT	+
0	MA1407.2	3	0.0297438	69.8385	0.323383	5	ACGTGT	ATGACGTA	+
0	MA1154.2	-1	0.0315861	74.1642	0.342569	5	ACGTGT	CGTGTTGTGGGAAAG	-
0	MA0830.3	2	0.0326813	76.7357	0.350892	6	ACGTGT	GCAGGTGC	-
0	MA0862.1	2	0.0326813	76.7357	0.350892	6	ACGTGT	TTACGTAA	-
0	MA1994.2	2	0.032751	76.8992	0.350892	5	ACGTGT	TCAAGTG	-
0	MA0416.2	3	0.032751	76.8992	0.350892	4	ACGTGT	ATTACGT	+
0	MA0329.2	-1	0.0328374	77.1021	0.350966	5	ACGTGT	CGCGT	-
0	MA0804.2	9	0.0336656	79.0469	0.357223	6	ACGTGT	TTCACACCTAGGTGTGA	-
0	MA2045.2	2	0.0347451	81.5816	0.366749	6	ACGTGT	TTGCGTGTAACACAAGTTA	+
0	MA1417.2	4	0.0348948	81.9331	0.366749	6	ACGTGT	GATGACGTGGCA	-
0	MA1995.2	0	0.0349788	82.1303	0.366749	6	ACGTGT	TCGTGAC	+
0	MA1786.2	2	0.0349788	82.1303	0.366749	5	ACGTGT	TTCCGTG	-
0	MA0093.4	3	0.0359514	84.4138	0.375402	6	ACGTGT	GTCACATGAC	-
0	MA0861.2	0	0.0364396	85.5601	0.376587	6	ACGTGT	ACATGTCCAGACATGT	-
0	MA1438.2	3	0.0365143	85.7357	0.376587	6	ACGTGT	ATGACGTCA	+
0	MA0288.1	1	0.0365143	85.7357	0.376587	6	ACGTGT	AATGTGTCA	-
0	MA1834.2	2	0.0373312	87.6536	0.382648	5	ACGTGT	CCACGCG	+
0	MA1941.2	1	0.0378086	88.7747	0.382648	6	ACGTGT	CACCTGTTTCCGG	-
0	MA1358.2	2	0.0379689	89.1509	0.382648	6	ACGTGT	CAACTTGC	+
0	MA1835.2	2	0.0379689	89.1509	0.382648	6	ACGTGT	GTACGTAC	+
0	MA2066.1	2	0.0379689	89.1509	0.382648	6	ACGTGT	TGACGTCA	+
0	MA2170.1	2	0.0379689	89.1509	0.382648	6	ACGTGT	CCATCTGT	-
0	MA0935.1	3	0.0379689	89.1509	0.382648	5	ACGTGT	GTTACGTA	-
0	MA2366.1	0	0.0383348	90.0101	0.38458	4	ACGTGT	GCGT	+
0	MA1573.2	5	0.0385499	90.5151	0.385861	6	ACGTGT	CTGGGAATTGTAGT	-
0	MA0124.3	1	0.0397906	93.4283	0.393815	6	ACGTGT	TAAGTGG	-
0	MA0096.1	3	0.0397906	93.4283	0.393815	4	ACGTGT	ATGACGT	+
0	MA1197.2	2	0.0418987	98.3782	0.411908	6	ACGTGT	AAGCGCGTG	+
0	MA1631.2	3	0.0418987	98.3782	0.411908	6	ACGTGT	GGCAGGTGC	-
0	MA1648.2	2	0.0423645	99.4717	0.413423	5	ACGTGT	GCAGGTG	-
0	MA2046.2	2	0.0423645	99.4717	0.413423	5	ACGTGT	TGCCGTG	-
0	MA1809.2	-2	0.0423645	99.4717	0.413423	4	ACGTGT	GTGTCAG	-
0	MA1697.2	-1	0.0424274	99.6195	0.413423	5	ACGTGT	CTTGTCGT	-
0	MA1872.2	1	0.0439413	103.174	0.424427	6	ACGTGT	AACATGTTT	+
0	MA1382.2	3	0.0439413	103.174	0.424427	6	ACGTGT	GGCGCGTGA	-
0	MA1934.2	1	0.0449206	105.474	0.42843	6	ACGTGT	CAGGTGTTTCCGG	-
0	MA0794.1	4	0.0449868	105.629	0.42843	6	ACGTGT	CAAGACGCCTTA	+
0	MA0797.1	4	0.0449868	105.629	0.42843	6	ACGTGT	TGACAGCTGTCA	-
0	MA1822.2	2	0.0450352	105.743	0.42843	6	ACGTGT	GTACGTAC	+
0	MA1868.2	0	0.0459099	107.796	0.435813	6	ACGTGT	ATGTTT	+
0	MA2192.1	4	0.0461613	108.387	0.437258	6	ACGTGT	GATGACGTGAT	+
0	MA0382.3	3	0.0465747	109.358	0.438542	6	ACGTGT	ATGACGTAAT	+
0	MA0122.4	2	0.0465747	109.358	0.438542	6	ACGTGT	TTAAGTGGTT	-
0	MA1491.3	2	0.0465949	109.405	0.438542	6	ACGTGT	CGACGTGGGTGGTCC	-
0	MA1457.2	2	0.0487316	114.422	0.452859	6	ACGTGT	AAACCAGTTT	+
0	MA0557.2	3	0.0508769	119.459	0.466502	5	ACGTGT	AGCGCGTG	-
0	MA0667.1	3	0.0510283	119.814	0.466502	6	ACGTGT	AACAGCTGTT	+
0	MA0829.3	3	0.0510283	119.814	0.466502	6	ACGTGT	ATCACCTGAT	+
0	MA1475.2	3	0.0511152	120.019	0.466502	6	ACGTGT	GTGACGTCA	+
0	MA0877.4	-1	0.0511611	120.126	0.466502	5	ACGTGT	CGTTTA	+
0	MA1427.3	2	0.0512565	120.35	0.466502	5	ACGTGT	TTACTTG	-
0	MA1462.2	2	0.0512565	120.35	0.466502	5	ACGTGT	CTACCTG	-
0	MA1335.1	5	0.0525115	123.297	0.476941	6	ACGTGT	TGATGACGTCA	-
0	MA0322.1	0	0.0539946	126.779	0.48443	6	ACGTGT	GCATGTGAA	+
0	MA1657.2	0	0.0539946	126.779	0.48443	6	ACGTGT	AAGAGTTAA	+
0	MA1704.2	3	0.0539946	126.779	0.48443	6	ACGTGT	ATGACGTCA	+
0	MA0321.1	3	0.0539946	126.779	0.48443	6	ACGTGT	TTCACATGC	-
0	MA1674.3	2	0.0545717	128.134	0.48566	5	ACGTGT	TTACTTG	-
0	MA2037.2	2	0.0545717	128.134	0.48566	5	ACGTGT	TTACTTG	-
0	MA2038.2	2	0.0545717	128.134	0.48566	5	ACGTGT	TAACTTG	-
0	MA1571.1	4	0.0554412	130.176	0.489451	6	ACGTGT	TGACAGCTGTCA	+
0	MA1572.1	4	0.0554412	130.176	0.489451	6	ACGTGT	TGACAGCTGTCA	+
0	MA1570.1	3	0.0561035	131.731	0.493324	6	ACGTGT	AACATATGTT	-
0	MA1652.2	2	0.0571634	134.22	0.498727	6	ACGTGT	GGAGGTGAG	+
0	MA0672.2	2	0.0573248	134.599	0.498727	6	ACGTGT	TCAAGTGG	-
0	MA0604.1	3	0.0573248	134.599	0.498727	5	ACGTGT	ATGACGTA	+
0	MA2268.1	5	0.0573959	134.766	0.498727	6	ACGTGT	AAAACACCTGT	+
0	MA2331.1	4	0.0575089	135.031	0.498728	6	ACGTGT	GTAAAGGTATATTGCTGGCCT	-

# Tomtom (Motif Comparison Tool): Version 5.5.7 compiled on Feb 10 2025 at 21:31:50
# The format of this file is described at https://meme-suite.org/meme/doc/tomtom-output-format.html.
# tomtom .tomtom.test ../../../common/JASPAR2024_CORE_non-redundant_pfms_meme.txt
